{
  "prepare_queue": {
    "installed": [],
    "uninstalled": []
  },
  "config_munge": {
    "files": {
      "config.xml": {
        "parents": {
          "/*": [
            {
              "xml": "<feature name=\"Camera\"><param name=\"browser-package\" value=\"Camera\" /></feature>",
              "count": 1
            }
          ]
        }
      }
    }
  },
  "installed_plugins": {
    "cordova-plugin-keyboard": {
      "PACKAGE_NAME": "com.paviel.app"
    },
    "cordova-plugin-splashscreen": {
      "PACKAGE_NAME": "com.paviel.app"
    },
    "cordova-plugin-statusbar": {
      "PACKAGE_NAME": "com.paviel.app"
    },
    "cordova-plugin-whitelist": {
      "PACKAGE_NAME": "com.paviel.app"
    },
    "pushbots-cordova-plugin": {
      "PACKAGE_NAME": "com.paviel.app"
    },
    "cordova-plugin-camera": {
      "PACKAGE_NAME": "com.paviel.app"
    }
  },
  "dependent_plugins": {},
  "modules": [
    {
      "file": "plugins/cordova-plugin-keyboard/www/keyboard.js",
      "id": "cordova-plugin-keyboard.keyboard",
      "pluginId": "cordova-plugin-keyboard",
      "clobbers": [
        "window.Keyboard"
      ]
    },
    {
      "file": "plugins/cordova-plugin-splashscreen/www/splashscreen.js",
      "id": "cordova-plugin-splashscreen.SplashScreen",
      "pluginId": "cordova-plugin-splashscreen",
      "clobbers": [
        "navigator.splashscreen"
      ]
    },
    {
      "file": "plugins/cordova-plugin-splashscreen/src/browser/SplashScreenProxy.js",
      "id": "cordova-plugin-splashscreen.SplashScreenProxy",
      "pluginId": "cordova-plugin-splashscreen",
      "runs": true
    },
    {
      "file": "plugins/cordova-plugin-statusbar/www/statusbar.js",
      "id": "cordova-plugin-statusbar.statusbar",
      "pluginId": "cordova-plugin-statusbar",
      "clobbers": [
        "window.StatusBar"
      ]
    },
    {
      "file": "plugins/cordova-plugin-statusbar/src/browser/StatusBarProxy.js",
      "id": "cordova-plugin-statusbar.StatusBarProxy",
      "pluginId": "cordova-plugin-statusbar",
      "runs": true
    },
    {
      "file": "plugins/pushbots-cordova-plugin/www/pushbots.js",
      "id": "pushbots-cordova-plugin.PushbotsPlugin",
      "pluginId": "pushbots-cordova-plugin",
      "clobbers": [
        "PushbotsPlugin"
      ]
    },
    {
      "file": "plugins/cordova-plugin-camera/www/CameraConstants.js",
      "id": "cordova-plugin-camera.Camera",
      "pluginId": "cordova-plugin-camera",
      "clobbers": [
        "Camera"
      ]
    },
    {
      "file": "plugins/cordova-plugin-camera/www/CameraPopoverOptions.js",
      "id": "cordova-plugin-camera.CameraPopoverOptions",
      "pluginId": "cordova-plugin-camera",
      "clobbers": [
        "CameraPopoverOptions"
      ]
    },
    {
      "file": "plugins/cordova-plugin-camera/www/Camera.js",
      "id": "cordova-plugin-camera.camera",
      "pluginId": "cordova-plugin-camera",
      "clobbers": [
        "navigator.camera"
      ]
    },
    {
      "file": "plugins/cordova-plugin-camera/src/browser/CameraProxy.js",
      "id": "cordova-plugin-camera.CameraProxy",
      "pluginId": "cordova-plugin-camera",
      "runs": true
    }
  ],
  "plugin_metadata": {
    "cordova-plugin-keyboard": "1.2.0",
    "cordova-plugin-splashscreen": "5.0.4",
    "cordova-plugin-statusbar": "2.4.3",
    "cordova-plugin-whitelist": "1.3.4",
    "pushbots-cordova-plugin": "1.6.15-rc8",
    "cordova-plugin-camera": "4.1.0"
  }
}
