{
  "prepare_queue": {
    "installed": [],
    "uninstalled": []
  },
  "config_munge": {
    "files": {
      "*-Info.plist": {
        "parents": {
          "CFBundleAllowMixedLocalizations": [
            {
              "xml": "<true />",
              "count": 44
            }
          ],
          "UIBackgroundModes": [
            {
              "xml": "<array><string>remote-notification</string></array>",
              "count": 1
            }
          ]
        }
      },
      "config.xml": {
        "parents": {
          "/*": [
            {
              "xml": "<feature name=\"Keyboard\"><param name=\"ios-package\" onload=\"true\" value=\"CDVKeyboard\" /></feature>",
              "count": 1
            },
            {
              "xml": "<feature name=\"StatusBar\"><param name=\"ios-package\" value=\"CDVStatusBar\" /><param name=\"onload\" value=\"true\" /></feature>",
              "count": 1
            },
            {
              "xml": "<preference name=\"StatusBarOverlaysWebView\" value=\"true\" />",
              "count": 1
            },
            {
              "xml": "<preference name=\"StatusBarStyle\" value=\"lightcontent\" />",
              "count": 1
            },
            {
              "xml": "<feature name=\"PushbotsPlugin\"><param name=\"ios-package\" value=\"PushbotsPlugin\" /></feature>",
              "count": 1
            },
            {
              "xml": "<feature name=\"Camera\"><param name=\"ios-package\" value=\"CDVCamera\" /></feature>",
              "count": 1
            },
            {
              "xml": "<preference name=\"CameraUsesGeolocation\" value=\"false\" />",
              "count": 1
            }
          ]
        }
      },
      "*/Entitlements-Debug.plist": {
        "parents": {
          "aps-environment": [
            {
              "xml": "<string>development</string>",
              "count": 1
            }
          ]
        }
      },
      "*/Entitlements-Release.plist": {
        "parents": {
          "aps-environment": [
            {
              "xml": "<string>production</string>",
              "count": 1
            }
          ]
        }
      }
    }
  },
  "installed_plugins": {
    "cordova-plugin-keyboard": {
      "PACKAGE_NAME": "com.paviel.app"
    },
    "cordova-plugin-statusbar": {
      "PACKAGE_NAME": "com.paviel.app"
    },
    "cordova-plugin-whitelist": {
      "PACKAGE_NAME": "com.paviel.app"
    },
    "pushbots-cordova-plugin": {
      "PACKAGE_NAME": "com.paviel.app"
    },
    "cordova-plugin-camera": {
      "PACKAGE_NAME": "com.paviel.app"
    }
  },
  "dependent_plugins": {},
  "modules": [
    {
      "id": "cordova-plugin-keyboard.keyboard",
      "file": "plugins/cordova-plugin-keyboard/www/keyboard.js",
      "pluginId": "cordova-plugin-keyboard",
      "clobbers": [
        "window.Keyboard"
      ]
    },
    {
      "id": "cordova-plugin-statusbar.statusbar",
      "file": "plugins/cordova-plugin-statusbar/www/statusbar.js",
      "pluginId": "cordova-plugin-statusbar",
      "clobbers": [
        "window.StatusBar"
      ]
    },
    {
      "id": "pushbots-cordova-plugin.PushbotsPlugin",
      "file": "plugins/pushbots-cordova-plugin/www/pushbots.js",
      "pluginId": "pushbots-cordova-plugin",
      "clobbers": [
        "PushbotsPlugin"
      ]
    },
    {
      "id": "cordova-plugin-camera.Camera",
      "file": "plugins/cordova-plugin-camera/www/CameraConstants.js",
      "pluginId": "cordova-plugin-camera",
      "clobbers": [
        "Camera"
      ]
    },
    {
      "id": "cordova-plugin-camera.CameraPopoverOptions",
      "file": "plugins/cordova-plugin-camera/www/CameraPopoverOptions.js",
      "pluginId": "cordova-plugin-camera",
      "clobbers": [
        "CameraPopoverOptions"
      ]
    },
    {
      "id": "cordova-plugin-camera.camera",
      "file": "plugins/cordova-plugin-camera/www/Camera.js",
      "pluginId": "cordova-plugin-camera",
      "clobbers": [
        "navigator.camera"
      ]
    },
    {
      "id": "cordova-plugin-camera.CameraPopoverHandle",
      "file": "plugins/cordova-plugin-camera/www/ios/CameraPopoverHandle.js",
      "pluginId": "cordova-plugin-camera",
      "clobbers": [
        "CameraPopoverHandle"
      ]
    }
  ],
  "plugin_metadata": {
    "cordova-plugin-keyboard": "1.2.0",
    "cordova-plugin-statusbar": "2.4.3",
    "cordova-plugin-whitelist": "1.3.4",
    "pushbots-cordova-plugin": "1.6.15-rc8",
    "cordova-plugin-camera": "4.1.0"
  }
}
